"authorName","paperTitle","assignedDept","teacherDept","teacherId"
"Abhay Tiwari","From translational medicine to functional foods: Mechanistic insights and therapeutic applications of hormetic phytochemicals","Department of Biotechnology","Humanities & Social Sciences","8900"
"Manish Kumar","Octagonal-Shaped Super Wideband CPW-Fed Patch MIMO Antenna for Multiband Wireless Applications","Department of Humanities & Social Sciences","Medical Sciences","131"
"Swati Sharma","Functional and Nutraceutical Properties of Protein and Polyphenols Extracted From Agro-Industrial Waste: A Comprehensive Review","Department of Medical Sciences","Dental Science","297"
"Ankur Sharma","Methodological considerations for nonconcurrent comparisons of pulsed field ablation catheter platforms","Department of Medical Sciences","Life Sciences","5123"
"Ankur Sharma","Comments on “Dexmedetomidine administration is associated with small haemodynamic changes in children undergoing cardiac procedures: a systematic review and meta-analysis”","Department of Medical Sciences","Life Sciences","5123"
"Ankur Sharma","Comments on “Sex differences late after tetralogy of Fallot repair: a systematic review and meta-analysis”","Department of Medical Sciences","Life Sciences","5123"
"Abhay Tiwari","Plant halides as potential norovirus 3CLpro inhibitors: An in silico approach","Department of Biotechnology","Humanities & Social Sciences","8900"
"Ankur Sharma","Methodological Considerations on “McKeown Versus Ivor Lewis Esophagectomy for Lower Esophageal Squamous Cell Carcinoma: a Prospective Comparison of Surgical and Survival Outcomes”","Department of Medical Sciences","Life Sciences","5123"
"Ankur Sharma","Methodological considerations in evaluating intrapartum hyoscine butyl bromide for delayed labor progress","Department of Medical Sciences","Life Sciences","5123"
"Ashok Kumar","AI-Based Automated Detection and Classification of Osteoporosis in Females from Dental Panoramic Radiographs","Department of Law","Physics","4961"
"Ankur Sharma","Comments on ""Phylodynamic analysis of recent bovine viral diarrhea viruses in the Republic of Korea""","Department of Medical Sciences","Life Sciences","5123"
"Ankur Sharma","Comment on “Lung Volume Reduction Therapies in Patients with Emphysema: A Systematic Review and Network Meta-Analysis”","Department of Medical Sciences","Life Sciences","5123"
"Manish Kumar","A Compact CPW-Fed Super-Wideband Antenna on FR4 for 5G, 6G, and Wireless Applications","Department of Humanities & Social Sciences","Medical Sciences","131"
"Ankur Sharma","Comments on “Dialysis modality and cognitive outcomes in chronic kidney disease: a systematic review and meta-analysis”","Department of Medical Sciences","Life Sciences","5123"
"Ankur Sharma","Comments on “Multiobjective Comprehensive Evaluation and Optimization of Interventional Blood Pump Impeller”","Department of Medical Sciences","Life Sciences","5123"
"Mohit Kumar","Spotlight on pectinase: a comprehensive review of large-scale production strategies","Department of Life Sciences","Computer Science & Engineering","10953"
"Ankur Sharma","Comments on ""A comparative study between milk- and serum-based antibody detection assays for Johne's disease in New Zealand dairy cattle""","Department of Medical Sciences","Life Sciences","5123"
"Ankur Sharma","Comments on “Role SGLT2 inhibitor therapy in patients with transthyretin cardiac amyloidosis: a GRADE assessed systematic review and meta-analysis”","Department of Medical Sciences","Life Sciences","5123"
"Ashok Kumar Gupta","Bioinspired polymeric constructs in management of burn wounds: current trends and future","Department of Pharmacy","Medical Sciences","6766"
"Ankur Sharma","Comment on “Performance of magnetic resonance imaging in discriminating between intra- and extradural versus extradural-only nerve sheath tumor”","Department of Medical Sciences","Life Sciences","5123"
"Ankur Sharma","Comments on “Physical activity and risk of thyroid cancer: a systematic review and meta-analysis of prospective cohort studies”","Department of Medical Sciences","Life Sciences","5123"
"Ankur Sharma","Commentary on methodological rigor in “Predictors of exclusive breastfeeding: a systematic review and meta-analysis”","Department of Medical Sciences","Life Sciences","5123"
"Shalini Srivastava","Click, eat, repeat: Online food ordering and dietary behaviors among medical students in a private university in greater Noida, Uttar Pradesh, India","Department of Environmental Science","Medical Sciences","250"
"Krishan Kumar","Improving Medical Image Classification with Segmentation-Driven Ensemble Machine Learning","Department of Computer Science & Engineering","Architecture","3240"
"Ashok Kumar Gupta","Assessment of periostin in postmenopausal thyroid patients: A prospective case-control study","Department of Pharmacy","Medical Sciences","6766"
"Amit Kumar","Unleashing the potential of white-rot fungi mycelium for functional biomaterials development","Department of Computer Science & Engineering","Humanities & Social Sciences","8524"
"Ashok Kumar Gupta","Assessment of Quality of Life in Acne Vulgaris Patients in Terms of Clinical Severity and Psychological Burden: A Multi Centre Study in Anand District","Department of Pharmacy","Medical Sciences","6766"
"Ashok Kumar","Estimation of the Coronal Differential Rotation Using SDO/AIA 21.1 nm Observations","Department of Law","Physics","4961"
"Abhay Tiwari","Potential of edible flowers of the Asian region as functional ingredients: a review","Department of Biotechnology","Humanities & Social Sciences","8900"
"Ashok Kumar Gupta","Synergistic neurotoxicity of ciprofloxacin and nimesulide in unmasking a hidden catalyst for seizures: A case report","Department of Pharmacy","Medical Sciences","6766"
"Ashok Kumar Gupta","TRPV receptors in pain research: Bridging molecular mechanisms to clinical treatments","Department of Pharmacy","Medical Sciences","6766"
"Abhay Tiwari","Emerging trends and Innovative strategies for the diagnosis of Leishmaniasis: A quantum leap from classical to modern era","Department of Biotechnology","Humanities & Social Sciences","8900"
"Ajit Kumar","Dynamics of spheroidal droplets impacting on hydrophobic surfaces","Department of Humanities & Social Sciences","Mechanical Engineering","10948"
"Ashok Kumar","Advancing sustainable food Packaging: Integrating machine learning, deep learning, and artificial intelligence","Department of Law","Physics","4961"
"Ashok Kumar Gupta","Redefining Risk, Biomarkers, and Precision Therapy for Hereditary Ovarian Cancer: A Review","Department of Pharmacy","Medical Sciences","6766"
"Ashok Kumar Gupta","Pediatric fixed drug eruption: A case report of ofloxacin as the culprit","Department of Pharmacy","Medical Sciences","6766"
"Ajay Kumar","Proniosome-based smart delivery systems for Psoriasis-targeted bioactive therapy","Department of Management","Chemistry and Biochemistry","6354"
"Prashant Sharma","Effect of Varying Concentration of Kefir Grains on the Microbial, Physiochemical, Antioxidant and Sensory Properties of Water Kefir Fermented Drink","Department of Humanities & Social Sciences","Medical Sciences","230"
"Anita Singh","Scaling green hydrogen production through AI innovations: Review of production technologies and global policies impact","Department of Medical Sciences","Law","7491"
"Avinash Kumar","Commercialisation of Innovations: A Case Study of Liposomal Formulations","Department of Computer Science & Engineering","Physics","7468"
"Mohit Kumar","Bioprocess optimization and scale-up to enhance the production of secondary metabolites from Streptomyces","Department of Life Sciences","Computer Science & Engineering","10953"
"Mohit Kumar","Application of streptomycetes in medicine","Department of Life Sciences","Computer Science & Engineering","10953"
"Mohit Kumar","Streptomyces as a novel source of enzymes and approaches to enhance the production of enzymes","Department of Life Sciences","Computer Science & Engineering","10953"
"Amit Kumar","Xylanase-assisted TCF bleaching of Eulaliopsis binata pulp","Department of Computer Science & Engineering","Humanities & Social Sciences","8524"
"Ashok Kumar Gupta","Comparison of efficacy and toxicity of chemotherapeutic regimens used as adjuvant and/or neoadjuvant chemotherapy in penile cancer patients","Department of Pharmacy","Medical Sciences","6766"
"Amit Kumar","Oil palm biomass: a potential feedstock for lignocellulolytic enzymes and biofuels production","Department of Computer Science & Engineering","Humanities & Social Sciences","8524"
"Ajay Kumar","Leveraging Artificial Intelligent (AI) for human-mimic tech in marketing 5.0","Department of Management","Chemistry and Biochemistry","6354"
"Ajay Kumar","Marketing 5.0: The role of human-mimicking technology","Department of Management","Chemistry and Biochemistry","6354"
"Amit Kumar","Xylanase-assisted bioconversion and bioelectricity production in microbial fuel cells: A novel strategy for renewable energy generation","Department of Computer Science & Engineering","Humanities & Social Sciences","8524"
"Manish Kumar","A compact triple-band CPW-fed antenna laminated on FR-4 dielectric substrate material for diverse wireless applications","Department of Humanities & Social Sciences","Medical Sciences","131"
"Pooja Singh","Two-way detection of tuberculosis bacilli using fano resonance sensor and machine learning algorithms","Department of Management","Humanities & Social Sciences","12783"
"Amit Kumar","Biochemical and Molecular Characterization of Soil-Isolated Exoelectrogens and Evaluation of Their Electrochemical Properties via Single-Chambered Mediator-Free Microbial Fuel Cell","Department of Computer Science & Engineering","Humanities & Social Sciences","8524"
"Manish Kumar","Investigation of Flame-Retarded Epoxy Resin Fiberglass Composite Material-Based Coplanar Waveguide Patch Antennas","Department of Humanities & Social Sciences","Medical Sciences","131"
"Sandeep Kumar","Ionic Liquid Mixed Polymer Electrolyte for Supercapacitor","Department of Management","Computer Science & Engineering","8567"
"Pooja Singh","Ionic Liquid 1-Ethyl-3-Methylimidazolium Tricyanomethanide-Doped Polymer Electrolyte for Device Application","Department of Management","Humanities & Social Sciences","12783"
"Amit Kumar","Utilization of refuse-derived fuel in industrial applications: Insights from Uttar Pradesh, India","Department of Computer Science & Engineering","Humanities & Social Sciences","8524"
"Sandeep Kumar","Influencing hair regrowth with EGCG by targeting glycogen synthase kinase-3β activity: a molecular dynamics study","Department of Management","Computer Science & Engineering","8567"
"Ajay Kumar","Exploring the Impact of AI on Management and Healthcare for Streamlining Operations and Decision-Making","Department of Management","Chemistry and Biochemistry","6354"
"Ashok Kumar Gupta","Case Studies on Network Pharmacology in Predicting the Mechanism of Herbal Drugs","Department of Pharmacy","Medical Sciences","6766"
"Ashok Kumar Gupta","Walking the sugar-laden path: how diabetes got rooted in human civilization","Department of Pharmacy","Medical Sciences","6766"
"Ashok Kumar Gupta","Diabetes and cognitive impairment—insights for early diagnosis and management","Department of Pharmacy","Medical Sciences","6766"
"Ankur Sharma","Letter to the editor on “Examining the relationship between monocytes and monocyte-derived ratios in post-percutaneous coronary intervention patients and their impact on coronary artery disease progression”","Department of Medical Sciences","Life Sciences","5123"
"Ajay Kumar","Role of government-sponsored export promotion programs in marketing strategy, market selection and export performance","Department of Management","Chemistry and Biochemistry","6354"
"Manish Kumar","Comparative performance assessment of polymer based bio-carriers for enhanced biological wastewater treatment","Department of Humanities & Social Sciences","Medical Sciences","131"
"Ajay Kumar","Formulation Development and Optimisation of Quercetin Loaded Proniosomes- A Novel Herbal Drug Delivery System for Psoriasis Management","Department of Management","Chemistry and Biochemistry","6354"
"Manish Kumar","ENHANCING BIOFILM GROWTH IN MOVING ATTACHED GROWTH TECHNOLOGIES FOR WASTEWATER TREATMENT","Department of Humanities & Social Sciences","Medical Sciences","131"
"Sandeep Kumar","Optimization of Stress Distribution and Structural Integrity of Composite Rib","Department of Management","Computer Science & Engineering","8567"
"Ashok Kumar Gupta","Nanotechnology in the chemotherapy medications","Department of Pharmacy","Medical Sciences","6766"
"Ashok Kumar Gupta","Nanotechnology for multimodal diagnosis and treatment mode","Department of Pharmacy","Medical Sciences","6766"
"Sakshi Tiwari","Physical and Physiological Aspects of Airway Clearance Physiotherapeutic Techniques: Focused Review for their Efficacy","Department of Allied Health Science","NA","5573"
"Sandeep Kumar","Cyclic Loading Behavior of PEEK-HA Bio-Composites: A Finite Element Study for Prosthetic Applications (ICSEM-2025)","Department of Management","Computer Science & Engineering","8567"
"Ashok Kumar Gupta","Bioactive-Based Nanocarriers for Gastrointestinal System Disease","Department of Pharmacy","Medical Sciences","6766"
"Manish Kumar","CPW-fed Ultra-Wideband Antenna for High-Resolution Microwave Imaging in Breast Tumor Detection","Department of Humanities & Social Sciences","Medical Sciences","131"
"Amit Kumar","From concept to shelf: engineering biopolymer-based food packaging for sustainability","Department of Computer Science & Engineering","Humanities & Social Sciences","8524"
"Ashok Kumar Gupta","Comparative Study of the Toxicity Profile in Gallbladder Cancer patients receiving Gemcitabine-Cisplatin versus Paclitaxel-Cisplatin Combination Chemotherapy","Department of Pharmacy","Medical Sciences","6766"
"Mohit Kumar","Innovations in the Production of Multivitamins in Microbial Factories","Department of Life Sciences","Computer Science & Engineering","10953"
"Shashi Bhushan","A Network Based Intrusion Detection System For Internet Of Medical Things Using Deep Learning Approach","Department of Computer Science & Engineering","Medical Sciences","3337"
"Avinash Kumar","Zero Trust Security: Overcoming Obstacles and Leveraging Best Practices","Department of Computer Science & Engineering","Physics","7468"
"Ashok Kumar Gupta","Emerging Zoonoses in Southern India: Ethical imperatives from the 2025 Nipah Virus Crisis","Department of Pharmacy","Medical Sciences","6766"
"Ashok Kumar Gupta","Graphene Nano-Derivatives in Pharmaceuticals and Biomedical Advancements: A Comprehensive Review","Department of Pharmacy","Medical Sciences","6766"
"Avinash Kumar","A Custom Sandbox for Malware Threat Analysis to Safeguard Infrastructure","Department of Computer Science & Engineering","Physics","7468"
"Manish Kumar","Harnessing the Power of IOT for Next-Gen Intelligent Traffic System","Department of Humanities & Social Sciences","Medical Sciences","131"
"Anita Singh","Fuzzy Logic Applications in Sustainable Smart Cities: A Systematic Scientometric Analysis","Department of Medical Sciences","Law","7491"
"Manish Kumar","Enhancing Socio-Economic Development Through Digital Literacy: a Strategic Imperative for Rural Communities","Department of Humanities & Social Sciences","Medical Sciences","131"
"Amit Kumar","RECENT ADVANCES IN AZITHROMYCIN REMOVAL THROUGH THE BIOCHAR","Department of Computer Science & Engineering","Humanities & Social Sciences","8524"
"Anita Singh","“Is digital monitoring” a revolution for employee’s mental well-being? A case on HDFC Bank","Department of Medical Sciences","Law","7491"
"Arun Kumar","Investigating Biomarkers and Molecular Mechanisms in COPD: Perspectives from In-vivo Models","Department of Management","Pharmacy","3944"
"Ashok Kumar Gupta","Assessment of Obesity Indices and Cardiovascular Risk Factors in Type 2 Diabetes Mellitus: A Pilot study from a Tertiary care centre in India","Department of Pharmacy","Medical Sciences","6766"
"Priya Sharma","Exploring the Role of Leguminous Microgreens in Obesity Management with Potential Mechanisms and Clinical Evidence","Department of Computer Science & Engineering","Humanities & Social Sciences","11466"
"Prashant Sharma","The Future of Traffic Management: Embracing AI for Sustainable Urban Mobility","Department of Humanities & Social Sciences","Medical Sciences","230"
"Arun Kumar","An Enhanced Pre-Processing Technique For Eye Image Segmentation","Department of Management","Pharmacy","3944"
"Manoj Kumar","Energy-efficient edge based intrusion detection system using machine learning","Department of Management","Computer Science & Engineering","10946"
"Amit Kumar","Immobilized Naringinase as a Suitable Biocatalyst and an Environment-Friendly Approach for De-bittering of Citrus Juices: Recent Developments and Future Perspectives","Department of Computer Science & Engineering","Humanities & Social Sciences","8524"
"Ashok Kumar","Topic modeling of neuropsychiatric diseases related to gut microbiota and gut brain axis using artificial intelligence based BERTopic model on PubMed abstracts","Department of Law","Physics","4961"
"Arun Kumar","Therapeutic approaches of nanostructure metallic materials in management of colorectal cancer: Recent advancement","Department of Management","Pharmacy","3944"
"Sunil Kumar","Assessment of Sodium Butyrate’s Pharmacological Effects on Gentamicin-induced Nephrotic Disorders in a Rat Model","Department of Civil Engineering","Computer Science & Engineering","4741"
"Amit Kumar","Exploring Sustainable Waste Solutions: Evaluating Mixing Ratios in Agitated Pile Composting with Sugarcane Agro-Industrial Waste","Department of Computer Science & Engineering","Humanities & Social Sciences","8524"
"Urmila Devi Bhardwaj","Evaluating the levels of C-reactive protein (CRP) among post vaccinated subjects of COVID-19 vaccine: A cohort study","Department of Nursing Sciences","NA","6767"
"Neha Tyagi","Impact of Premenstrual Syndrome (PMS) on Quality of Life among adolescent girls of rural area of Gautam Buddh Nagar: A Cross sectional study","Department of Medical Sciences","Computer Science & Engineering","5112"
"Ashok Kumar Gupta","Prevalence of depression in hypertensive patients and its associated factors in India: A systematic review and meta-analysis; Prevalencia de la depresión en pacientes hipertensos y sus factores asociados en la India: una revisión sistemática y un metaanálisis","Department of Pharmacy","Medical Sciences","6766"
"Anita Singh","Unleashing the ethical and legal implications of e-business revolution: Consumer privacy and security concerns in phase of digital disruption","Department of Medical Sciences","Law","7491"
"Ajit Kumar","Droplet impact characteristics on hydrophobic surfaces with partial electrowetting effects","Department of Humanities & Social Sciences","Mechanical Engineering","10948"
"Arun Kumar","Recent Advancements in Gallic Acid-Based Drug Delivery: Applications, Clinical Trials, and Future Directions","Department of Management","Pharmacy","3944"
"Pooja Singh","Evaluating the electrochemical boost and antimicrobial power of biogenic zinc oxide-polyaniline nanocomposite","Department of Management","Humanities & Social Sciences","12783"
"Shashi Bhushan","Rare case of early neonatal sepsis caused by Candida krusei successfully treated with voriconazole","Department of Computer Science & Engineering","Medical Sciences","3337"
"Amit Kumar","Citric acid: fermentative production using organic wastes as feedstocks","Department of Computer Science & Engineering","Humanities & Social Sciences","8524"
"Arun Kumar","Recent Review on Biological Barriers and Host–Material Interfaces in Precision Drug Delivery: Advancement in Biomaterial Engineering for Better Treatment Therapies","Department of Management","Pharmacy","3944"
"Amit Kumar","Utilizing E-Waste as a Sustainable Aggregate in Concrete Production: A Review","Department of Computer Science & Engineering","Humanities & Social Sciences","8524"
"Manish Kumar","A comparative study of dielectric substrate materials effects on the performance of microstrip patch antenna for 5G/6G application","Department of Humanities & Social Sciences","Medical Sciences","131"
"Arun Kumar","Emerging Trends in the Treatment of Skin Disorders by Herbal Drugs: Traditional and Nanotechnological Approach","Department of Management","Pharmacy","3944"
"Abhay Tiwari","Halogenated Secondary Metabolites from Higher Plants: Potent Drug Candidates for Chikungunya Using in silico Approaches","Department of Biotechnology","Humanities & Social Sciences","8900"
"Ashok Kumar Gupta","Chitosan based nanocarriers as a promising tool in treatment and management of inflammatory diseases","Department of Pharmacy","Medical Sciences","6766"
"Sunil Kumar","Applications of bentonite in plastic concrete: a comprehensive study on enhancing workability and predicting compressive strength using hybridized AI models","Department of Civil Engineering","Computer Science & Engineering","4741"
"Amit Kumar","Comparative assessment on lignocellulose degrading enzymes and bioethanol production from spent mushroom substrate of Calocybe indica and Volvariella volvacea","Department of Computer Science & Engineering","Humanities & Social Sciences","8524"
"Ajay Kumar","Intellectual Structure of Export Orientation in International Marketing: A Bibliometric Coupling; Estrutura Intelectual da Orientação Exportadora em Marketing Internacional: Um Acoplamento Bibliométrico","Department of Management","Chemistry and Biochemistry","6354"
"Arun Kumar","An analysis of stock price prediction techniques","Department of Management","Pharmacy","3944"
"Deepak Bansal","A Study of Awareness and Perception Regarding MOOC Courses with Special Reference to NPTEL","Department of Management","Law","12866"
"Amit Kumar","Optimization of xylanase production by Bacillus sp. MCC2212 under solid-state fermentation using response surface methodology","Department of Computer Science & Engineering","Humanities & Social Sciences","8524"
"Amit Kumar","Butyric acid: fermentation production using organic waste as low-cost feedstocks","Department of Computer Science & Engineering","Humanities & Social Sciences","8524"
"Krishan Kumar","Dementia Alzheimer's Disease Diagnosis Using Convolutional Neural Networks on Two-Dimensional MRI Slices","Department of Computer Science & Engineering","Architecture","3240"
"Satish Kumar","Reducing Environmental Plastic Pollution by Designing Polymer Materials for Managed End-of-Life","Department of Physics","Medical Sciences","123"
"Ritu Singh","Waste peanut shells derived activated carbon for dual electrochemical applications","Department of Medical Sciences","Humanities & Social Sciences","9327"
"Sandeep Kumar","Mechanisms and prospects of piezoelectric materials as smart delivery vehicles in cancer treatment","Department of Management","Computer Science & Engineering","8567"
"Amit Kumar","Microbial production of lactic acid using organic wastes as low-cost substrates","Department of Computer Science & Engineering","Humanities & Social Sciences","8524"
"Ashok Kumar","Acoustic Signal Processing and Communications: Topic Modeling of Scopus Abstracts from 2010 till 2024","Department of Law","Physics","4961"
"Ashok Kumar","Image Compression for Communication: Topic Modelling of Scopus Abstracts Using BERTopic","Department of Law","Physics","4961"
"Krishan Kumar","Comprehensive Review of Breast Cancer for Precision Oncology","Department of Computer Science & Engineering","Architecture","3240"
"Anita Singh","Technology-Driven Learning System in Higher Education: A Bibliometric Analysis","Department of Medical Sciences","Law","7491"
"Amit Kumar","Optimization of fermentation media constituents for higher production of naringinase by Paenibacillus stellifer RAMCM-44 using Response Surface Methodology","Department of Computer Science & Engineering","Humanities & Social Sciences","8524"
"Ajay Kumar","Exploring the Predictors of Intention to Purchase Electric Vehicles","Department of Management","Chemistry and Biochemistry","6354"
"Manish Kumar","Design and Analysis of a Defected Ground Structure T-Shaped Patch Antenna for IMT, WLAN, 5G, and 6G Applications","Department of Humanities & Social Sciences","Medical Sciences","131"
"Mohit Kumar","Application of machine learning/deep learning in healthcare","Department of Life Sciences","Computer Science & Engineering","10953"
"Ritu Singh","Deepfakes, Deception and the Law: Unraveling the Legal Complexities of AI-Generated Content","Department of Medical Sciences","Humanities & Social Sciences","9327"
"Ashok Kumar","Future Directions Applications of Artificial Intelligence in Material Deformation and Fracture","Department of Law","Physics","4961"
"Rakesh Kumar","Minimally invasive percutaneous technique for harvesting iliac crest graft using a tap and drill sleeve","Department of Medical Sciences","Civil Engineering","6957"
"Ashok Kumar Gupta","Bioinformatics Tools to Study Homology Modeling","Department of Pharmacy","Medical Sciences","6766"
"Deepak Bansal","Sentiment Analysis Approach through Artificial Intelligence Based Machine Learning for Movie Review","Department of Management","Law","12866"
"Komal Sharma","Forensic optometry: A new era called bionic eye","Department of Nursing Sciences","Allied Health Science","7706"
"Ajay Kumar","Application of theory of planned behaviour in determining attitude and to measure purchase intention under the fear of Covid-19","Department of Management","Chemistry and Biochemistry","6354"
"Richa Sharma","Transformative Impact of Artificial Intelligence and Cybersecurity on Bitcoin's Trajectory","Department of Mathematics","Biotechnology","4763"
"Ashok Kumar","Melody Extraction from MIDI Files Using AI-ML Techniques","Department of Law","Physics","4961"
"Ashok Kumar","Forensic Acoustic Applications of Siamese Neural Networks for determining Lineal Relationships between Normal and Spectrally Disguised Voices","Department of Law","Physics","4961"
"Ajay Kumar","Unlocking Growth: The Synergy of Marketing Analytics and Operations","Department of Management","Chemistry and Biochemistry","6354"
"Priya Sharma","Assessment of Inter-Individual Pharmacokinetic Variability of Voriconazole Based on Bile Salt Disparities using POP-PK Modeling","Department of Computer Science & Engineering","Humanities & Social Sciences","11466"
"Ashok Kumar Gupta","Smart Targeted Novel Nanocarriers-Based Treatment of Arthritis","Department of Pharmacy","Medical Sciences","6766"
"Divya Rastogi","Anomaly Detection in Medical Images Using Deep Reinforcement Learning","Department of Management","Computer Science & Engineering","9639"
"Priya Sharma","Computation of Big Data Security through Cross-Layer Techniques","Department of Computer Science & Engineering","Humanities & Social Sciences","11466"
"Ankur Khandelwal","Brain Regional Energy Metabolism in Patients with Traumatic Brain Injury: A Cerebral Microdialysis Guided Study","Department of Medical Sciences","NA","6787"
"Ashok Kumar Gupta","A Systemic Review on Photodynamic Therapy: Emerging Technology with Healing Process","Department of Pharmacy","Medical Sciences","6766"
"Ashok Kumar","Evaluating Static Bone Cysts (SBCs) Through Long-Term Volumetric Analysis Using CBCT: A Study with 6-Month Follow-Up","Department of Law","Physics","4961"
"Priya Sharma","Deep Learning-Enabled Image Segmentation for Precise Retinopathy Diagnosis","Department of Computer Science & Engineering","Humanities & Social Sciences","11466"
"Priya Sharma","Performance Evaluation of Virtual Machine and Container-Based Migration Technique","Department of Computer Science & Engineering","Humanities & Social Sciences","11466"
"Amit Kumar","Global organic acids production and their industrial applications","Department of Computer Science & Engineering","Humanities & Social Sciences","8524"
"Amit Kumar","Malic acid: fermentative production and applications","Department of Computer Science & Engineering","Humanities & Social Sciences","8524"
"Amit Kumar","Microbial production of lactic acid using organic wastes as low-cost substrates","Department of Computer Science & Engineering","Humanities & Social Sciences","8524"
"Amit Kumar","Citric acid: fermentative production using organic wastes as feedstocks","Department of Computer Science & Engineering","Humanities & Social Sciences","8524"
"Amit Kumar","Microbial Organic Acids Production: Utilizing Waste Feedstocks","Department of Computer Science & Engineering","Humanities & Social Sciences","8524"
"Amit Kumar","Butyric acid: fermentation production using organic waste as low-cost feedstocks","Department of Computer Science & Engineering","Humanities & Social Sciences","8524"
"Amit Kumar","Recent developments in biohydrogen production from wastewater: A review","Department of Computer Science & Engineering","Humanities & Social Sciences","8524"
"Amit Kumar","Synbiotics as potent functional food: recent updates on therapeutic potential and mechanistic insight","Department of Computer Science & Engineering","Humanities & Social Sciences","8524"
"Amit Kumar","Malic acid: fermentative production and applications","Department of Computer Science & Engineering","Humanities & Social Sciences","8524"
"Anita Singh","Yoga’s Miraculous Biopsychosocial Impact on People With Intellectual and Developmental Disabilities: Scaling Cognitive and Health Promotion","Department of Medical Sciences","Law","7491"
"Manish Kumar","Asymmetrical CPW-Fed Meander Lines Patch Antenna for ISM/IMT/WiMAX, WLAN, WAIC, C-Band, and 6G Mid-Band Applications","Department of Humanities & Social Sciences","Medical Sciences","131"
"Krishan Kumar","Optimizing Cross-Platform Development with CI/CD and Containerization: A Review","Department of Computer Science & Engineering","Architecture","3240"
"Krishan Kumar","Voice Controlled Autonomous Vehicle: Execution on a Small Scale","Department of Computer Science & Engineering","Architecture","3240"
"Deepak Bansal","Sustainable Finance in Action: Pathways to Long-Term Business Growth in India","Department of Management","Law","12866"
"Arun Kumar","Artificial intelligence and emotional intelligence in the workplace: Their roles and effects for industry 4.O","Department of Management","Pharmacy","3944"
"Sunil Kumar","INVESTIGATING SODIUM BUTYRATE’S ANTIOXIDANT POTENTIAL FOR THE MANAGEMENT OF GENTAMICIN-INDUCED NEPHROTIC DISORDERS","Department of Civil Engineering","Computer Science & Engineering","4741"
"Pooja Singh","A dimensional mapping and comparative study of CSRs and SDGs in emerging economies","Department of Management","Humanities & Social Sciences","12783"
"Ajay Kumar","Exploring the role of simulation based education in management studies for NEP 2020","Department of Management","Chemistry and Biochemistry","6354"
"Ashok Kumar","Using 3D CNN for classification of Parkinson’s disease from resting-state fMRI data","Department of Law","Physics","4961"
"Ajay Kumar","Young consumer engagement at the bottom of pyramid: applying S-O-R framework in e-commerce context","Department of Management","Chemistry and Biochemistry","6354"
"Avinash Kumar","Comparative analysis of machine learning techniques for air quality index prediction for Indian cities","Department of Computer Science & Engineering","Physics","7468"
"Ashok Kumar Gupta","CANCER-ASSOCIATED THROMBOSIS: AN OVERVIEW OF THROMBOSIS MECHANISMS AND ITS RISK FACTORS IN CANCER","Department of Pharmacy","Medical Sciences","6766"
"Shalini Srivastava","Quality of Life and Its Determinants Among Diabetic Patients in A Rural Area of Gautam Buddha Nagar, Uttar Pradesh, India","Department of Environmental Science","Medical Sciences","250"
"Arun Kumar","On the zero-divisor hypergraph of a reduced ring","Department of Management","Pharmacy","3944"
"Manish Kumar","Herbal and Ayurvedic Plants as Remedial Approach for Viral Diseases with Focus on COVID-19: A Narrative Review","Department of Humanities & Social Sciences","Medical Sciences","131"
"Avinash Kumar","Towards a Secure and Sustainable Internet of Medical Things (IoMT): Requirements, Design Challenges, Security Techniques, and Future Trends","Department of Computer Science & Engineering","Physics","7468"
"Satinder Aneja","In-hospital mortality risk stratification in children aged under 5 years with pneumonia with or without pulse oximetry: A secondary analysis of the Pneumonia REsearch Partnership to Assess WHO REcommendations (PREPARE) dataset","Department of Medical Sciences","NA","4002"
"Sandeep Kumar","Role of CO2 triggered switchable polarity solvents and supercritical solvents during biofuel extraction","Department of Management","Computer Science & Engineering","8567"
"Ajay Kumar","Role of mall attractiveness in shaping fashion shopping orientation of apparel shoppers: a segmentation approach","Department of Management","Chemistry and Biochemistry","6354"
"Sunil Kumar","PHARMACOLOGICAL STUDY OF SODIUM BUTYRATE FOR ACTIVE POTENTIAL FOR RENAL DISORDERS","Department of Civil Engineering","Computer Science & Engineering","4741"
"Deepak Khandelwal","Comprehensive Goals, Role and Duties of a Dental Chairside Assistant","Department of Dental Science","NA","5526"
"Ashok Kumar Gupta","Prevalence of depression and associated factors among HIV/AIDS patients in India: a systematic review and meta-analysis","Department of Pharmacy","Medical Sciences","6766"
"Pooja Singh","Modelling the Domains of Artificial Intelligence on Social Good: A Study on Analytic-Based Hierarchy","Department of Management","Humanities & Social Sciences","12783"
"Divya Rastogi","Assessing the Effectiveness of Predictive Maintenance for Internet of Things (IoT) Networks Using Reinforcement Learning","Department of Management","Computer Science & Engineering","9639"
"Richa Sharma","Application of Internet of Things and Machine Learning in Improving Supply Chain Financial Risk Management System","Department of Mathematics","Biotechnology","4763"
"Swati Sharma","An Exploratory Research Comparing Oral Health, Pattern of Substance Abuse and Nicotine Dependence among LGBT, Female Sex Workers and Heterogenders","Department of Medical Sciences","Dental Science","297"
"Ashok Kumar Gupta","The Impacts and Changes Related to the Cancer Drug Resistance Mechanism","Department of Pharmacy","Medical Sciences","6766"
"Priya Sharma","Evaluation of the impact of age-specific bile salt differences on the dissolution behavior of voriconazole using biorelevant media","Department of Computer Science & Engineering","Humanities & Social Sciences","11466"
"Pooja Singh","A conceptual study of association factors contributing to the stress level of parents during the pandemic era in NCR","Department of Management","Humanities & Social Sciences","12783"
"Amit Kumar","Global organic acids production and their industrial applications","Department of Computer Science & Engineering","Humanities & Social Sciences","8524"
"Arun Kumar","Incorporating AI and IoT for Smart Poultry Monitoring and Health Detection","Department of Management","Pharmacy","3944"
"Ashok Kumar","Silver and Gold Nanoparticles for the Development of Fingerprints","Department of Law","Physics","4961"
"Ashok Kumar Gupta","Modified Polysaccharides and their Biomedical Applications: Advancement and Strategies","Department of Pharmacy","Medical Sciences","6766"
"Avinash Kumar","Blockchain-based decentralized management of IoT devices for preserving data integrity","Department of Computer Science & Engineering","Physics","7468"
"Avinash Kumar","Integrated machine learning techniques for preserving privacy in Internet of Things (IoT) systems","Department of Computer Science & Engineering","Physics","7468"
"Avinash Kumar","Blockchain embedded security and privacy preserving in healthcare systems","Department of Computer Science & Engineering","Physics","7468"
"Ankur Sharma","Cyclodextrin-based dermatological formulations: Dermopharmaceutical and cosmetic applications","Department of Medical Sciences","Life Sciences","5123"
"Ajay Kumar","ARTIFICIAL INTELLIGENCE AND ITS APPLICATIONS IN E-COMMERCE – A REVIEW ANALYSIS AND RESEARCH AGENDA","Department of Management","Chemistry and Biochemistry","6354"
"Sandeep Kumar","3D-QSAR, E-pharmacophore and molecular docking to explore substituted sulfonamides as carbonic anhydrase inhibitors in epilepsy","Department of Management","Computer Science & Engineering","8567"
"Anoop Raj","Menopause and its Effect on Voice","Department of Medical Sciences","NA","3419"
"Satinder Aneja","Treatment of benzodiazepine-resistant status epilepticus: Systematic review and network meta-analyses","Department of Medical Sciences","NA","4002"
"Satinder Aneja","Thrombosis and thromboembolism: Brighton collaboration case definition and guidelines for data collection, analysis, and presentation of immunization safety data","Department of Medical Sciences","NA","4002"
"Sandeep Kumar","Electric Poling Effect on Piezocatalytic BaTiO3/Polymer Composites for Coatings","Department of Management","Computer Science & Engineering","8567"
"Suparna Dubey","Necrotizing Fascitis-A Tale of Two Cases","Department of Medical Sciences","NA","218"
"Shubhangi Gupta","Necrotizing Fascitis-A Tale of Two Cases","Department of Medical Sciences","NA","5043"
"Veereshwar Bhatnagar","Role of Diffusion Weighted MRI (DW-MR) in Detection of Satellite Lesions Not Detected with Multiphase CT Scans in Hepatoblastoma and Its Implications for Management","Department of Art and Science","NA","5497"
"Sandeep Kumar","Multifaceted Perspectives and Advancements of CO2 Capturing Switchable Polarity Solvents and Supercritical Solvents","Department of Management","Computer Science & Engineering","8567"
"Aarti Srivastava","Evaluating the Effect of Duloxetine Premedication on Postoperative Analgesic Requirement in Patients Undergoing Laparoscopic Cholecystectomies: A Prospective, Randomized, Double-Blinded, Placebo-Controlled Study","Department of Medical Sciences","NA","46"
"Komal Sharma","Survey of patient’s opinion on eyeglasses and eye care in the semi-urban population of South-Delhi India","Department of Nursing Sciences","Allied Health Science","7706"
"Priya Tomar","Knowledge, Attitude, and Practices among Front‑Line Health‑Care Workers in a COVID Hospital: An Online Questionnaire‑Based Cross‑Sectional Study","Department of Medical Sciences","NA","4468"
"Ritu Singh","Histological Analysis of Coronary Atherosclerosis at Division: A Cadaveric Study","Department of Medical Sciences","Humanities & Social Sciences","9327"
"Ritu Singh","Perforators of the arm to provide anatomical basis to skin flaps: A cadaveric study","Department of Medical Sciences","Humanities & Social Sciences","9327"
"Pooja Singh","Perforators of the arm to provide anatomical basis to skin flaps: A cadaveric study","Department of Management","Humanities & Social Sciences","12783"
"Veereshwar Bhatnagar","Impact of cytomegalovirus infection on short-term clinical outcomes and operative histopathology in infants with biliary atresia: A single-center prospective cohort study","Department of Medical Sciences","NA","5497"
"Ankur Sharma","Expanding arsenal against diabetes mellitus through nanoformulations loaded with glimepiride and simvastatin: A comparative study","Department of Medical Sciences","Life Sciences","5123"
"Shalini Srivastava","Perceptions of Undergraduate Medical Students towards Online Learning in a Medical College in the National Capital Region (NCR), India","Department of Environmental Science","Medical Sciences","250"
"Anita Singh","E-learning: A tool for sustainability in the education industry","Department of Medical Sciences","Law","7491"
"Richa Sharma","E-learning: A tool for sustainability in the education industry","Department of Mathematics","Biotechnology","4763"
"Ankur Sharma","Stem cell and tissue engineering: Application of machine learning","Department of Medical Sciences","Life Sciences","5123"
"Ankur Sharma","The role of machine learning in the food industry","Department of Medical Sciences","Life Sciences","5123"
"Ajoy Deshmukh","Serum Ferritin in Metabolic Syndrome—Mechanisms and Clinical Applications","Department of Medical Sciences","NA","100"
"Satinder Aneja","Derivation and validation of a novel risk assessment tool to identify children aged 2-59 months at risk of hospitalised pneumonia-related mortality in 20 countries","Department of Medical Sciences","NA","4002"
"Sheeba Ali","Oral Microbiome and Adverse Pregnancy Outcomes: An Update","Department of Dental Science","NA","6952"
"Ankur Sharma","Selective Targeting of the Novel CK-10 Nanoparticles to the MDA-MB-231 Breast Cancer Cells","Department of Medical Sciences","Life Sciences","5123"
"Supriya Awasthi","Fire investigation: Arson or accidental","Department of Allied Health Science","NA","366"
"Supriya Awasthi","Investigation of disaster victim identification","Department of Allied Health Science","NA","366"
"Satinder Aneja","Point Prevalence of Peripheral Neuropathy in Children and Adolescents with Type 1 Diabetes Mellitus","Department of Art and Science","NA","4002"
"Richa Sharma","Allium sativum (GARLIC) AND Azadirachta indica (NEEM) BASED FUNCTIONAL EDIBLE COATING TO IMPROVE THE SHELF-LIFE OF FRUITS AND VEGETABLES","Department of Mathematics","Biotechnology","4763"
"Jaskaran Singh","Crime Scene Management within Forensic science","Department of Allied Health Science","NA","7010"
"Satinder Aneja","Assembling a global database of child pneumonia studies to inform WHO pneumonia management algorithm: Methodology and applications","Department of Medical Sciences","NA","4002"
"Kapil Choudhary","Comparison between the effects of Maitland's mobilization versus its combination with vastus medialis oblique neuromuscular stimulation on two scales (NPRS & WOMAC) in knee osteoarthritis patients","Department of Allied Health Science","NA","365"
"Supriya Awasthi","Comparison between the effects of Maitland's mobilization versus its combination with vastus medialis oblique neuromuscular stimulation on two scales (NPRS & WOMAC) in knee osteoarthritis patients","Department of Allied Health Science","NA","366"
"Avinash Kumar","Blockchain Assisted Secure Data Sharing in Intelligent Transportation Systems","Department of Computer Science & Engineering","Physics","7468"
"Komal Sharma","Ocular morbidity pattern in Kashmir – A hospital-based study","Department of Nursing Sciences","Allied Health Science","7706"
"Komal Sharma","Effect of long-term exposure of digital devices during the COVID-19 pandemic and on ocular health","Department of Nursing Sciences","Allied Health Science","7706"
"Amit Kumar","Schizophyllum commune: A Fungal Cell-factory for Production of Valuable Metabolites and Enzymes","Department of Computer Science & Engineering","Humanities & Social Sciences","8524"
"Sunil Kumar","Lane and Vehicle Detection Using Hough Transform and YOLOv3","Department of Civil Engineering","Computer Science & Engineering","4741"
"Sahil Thakar","Lateral Cephalometric Assessment of Facial Soft tissue Thickness for Craniofacial Reconstruction in an Indian Population-А Retrospective Study","Department of Dental Science","NA","4980"
"Ashok Kumar","Handwriting Slant Determination Using Convolutional Neural Networks and Transfer Learning","Department of Law","Physics","4961"
"Ajay Kumar","Understanding the Factors Influencing Repurchase Intention in Online Shopping: A Meta-analytic Review","Department of Management","Chemistry and Biochemistry","6354"
"Anil Kumar","Status of Industry 4.0 applications in healthcare 4.0 and Pharma 4.0","Department of Management","Mechanical Engineering","6038"
"Ankur Sharma","Optimization Studies on Imatinib Mesylate Loaded Nanoliposomes Using Box-Behnken Design","Department of Medical Sciences","Life Sciences","5123"
"Ankur Sharma","Metabolic Dysregulation and Sperm Motility in Male Infertility","Department of Medical Sciences","Life Sciences","5123"
"Sunil Kumar","A Survey on Information Distortion of COVID19: Applying Machine Learning and Natural Language Processing","Department of Civil Engineering","Computer Science & Engineering","4741"
"Deepak Khandelwal","An In Vitro Study to Compare the Release of Fluoride from Glass Ionomer Cement (Fuji IX) and Zirconomer","Department of Dental Science","NA","5526"
"Avinash Kumar","Quantum Computing for Health Care: A Review on Implementation Trends and Recent Advances","Department of Computer Science & Engineering","Physics","7468"
"Avinash Kumar","Quantum Blockchain Approach for Security Enhancement in Cyberworld","Department of Computer Science & Engineering","Physics","7468"
"Ritu Singh","Unusual additional distal aponeurotic slips of biceps brachii: A rare variation","Department of Medical Sciences","Humanities & Social Sciences","9327"
"Ankur Sharma","Molecular mechanisms of developmental pathways in neurological disorders: A pharmacological and therapeutic review","Department of Medical Sciences","Life Sciences","5123"
"Neha Tyagi","Placement Analysis—A New Approach to Ease the Recruitment Process","Department of Medical Sciences","Computer Science & Engineering","5112"
"Neha Tyagi","Continuous Assessment Analyzer Using Django","Department of Medical Sciences","Computer Science & Engineering","5112"
"Avinash Kumar","Preventing and Detecting Intrusion of Cyberattacks in Smart Grid by Integrating Blockchain","Department of Computer Science & Engineering","Physics","7468"
"Avinash Kumar","Preserving Security and Privacy in IoT Using Machine Learning and Trust Management","Department of Computer Science & Engineering","Physics","7468"
"Avinash Kumar","Machine Learning and Deep Learning Models for Privacy Management and Data Analysis in Smart Cites","Department of Computer Science & Engineering","Physics","7468"
"Ashok Kumar","An inventory model for decaying items with Pareto distribution, time-dependent demand and shortages","Department of Law","Physics","4961"
"Sandeep Kumar","Synthesis and evaluation of antiepileptic activity of newly designed coumarin-sulfonamide hybrids","Department of Management","Computer Science & Engineering","8567"
"Jaskaran Singh","Enzyme-based sensing on nanohybrid film coated over FTO electrode for highly sensitive detection of antibiotics","Department of Allied Health Science","NA","7010"
"Ankur Sharma","Tlr-mediated signal transduction and neurodegenerative disorders","Department of Medical Sciences","Life Sciences","5123"
"Satinder Aneja","The Status of Early Childhood Development in India: Will We Reach the Countdown to 2030 Targets?","Department of Medical Sciences","NA","4002"
"Ankur Sharma","Microfluidic platforms to unravel mysteries of alzheimer’s disease: How far have we come?","Department of Medical Sciences","Life Sciences","5123"
"Ankur Sharma","Advances in pulmonary drug delivery targeting microbial biofilms in respiratory diseases","Department of Medical Sciences","Life Sciences","5123"
"Satinder Aneja","Hypoxic ischaemic encephalopathy in low resource settings—time to stop cooling?","Department of Medical Sciences","NA","4002"
"Ashok Kumar","Classification of Multiple Myeloma Cancer Cells Using Convolutional Neural Networks and Transfer Learning","Department of Law","Physics","4961"
"Ankur Sharma","Effects of curcumin-loaded poly(lactic-co-glycolic acid) nanoparticles in MDA-MB231 human breast cancer cells","Department of Medical Sciences","Life Sciences","5123"
"Swati Singh","Green synthesis of metallic nanoparticles: Applications and limitations","Department of Life Sciences","Architecture","1643"
"Ankur Sharma","The FBXW7-NOTCH interactome: A ubiquitin proteasomal system-induced crosstalk modulating oncogenic transformation in human tissues","Department of Medical Sciences","Life Sciences","5123"
"Jaskaran Singh","Identification of Wild Animals from Pugmarks- A Review","Department of Medical Sciences","NA","7010"
"Ajoy Deshmukh","A case of hairy cell leukaemia associated with miliary tuberculosis","Department of Medical Sciences","NA","100"
"Deepak Khandelwal","Comparative evaluation of marginal integrity of three esthetic restorative materials - An In-vitro study","Department of Dental Science","NA","5526"
"Ankur Sharma","Middle East Respiratory Syndrome (MERS) Virus—Pathophysiological Axis and the Current Treatment Strategies","Department of Medical Sciences","Life Sciences","5123"
"Swati Singh","A prescient evolutionary model for genesis, duplication and differentiation of MIR160 homologs in Brassicaceae","Department of Life Sciences","Architecture","1643"
"Madhurima Nanda","An Overview of Nanotechnological Advances in Orthodontics","Department of Dental Science","NA","5825"
"Sakshi Tiwari","An Overview of Nanotechnological Advances in Orthodontics","Department of Dental Science","NA","5573"
"Gladys Rai","Assessing the Impact of Inflammatory Markers and CT Severity Score on Disease Severity of COVID-19 Patients Admitted to ICU at a Tertiary Hospital","Department of Chemistry and Biochemistry","NA","3139"
"Manjit Singh Bindra","Assessing the Impact of Inflammatory Markers and CT Severity Score on Disease Severity of COVID-19 Patients Admitted to ICU at a Tertiary Hospital","Department of Medical Sciences","NA","5347"
"Gladys Rai","Assessing the impact of inflammatory markers and CT severity score on disease severity of COVID-19 patients admitted to ICU at a tertiary hospital","Department of Chemistry and Biochemistry","NA","3139"
"Manjit Singh Bindra","Assessing the impact of inflammatory markers and CT severity score on disease severity of COVID-19 patients admitted to ICU at a tertiary hospital","Department of Medical Sciences","NA","5347"
"Ankur Sharma","Oral Nanoemulsion of Fenofibrate: Formulation, Characterization, and in Vitro Drug Release Studies","Department of Medical Sciences","Life Sciences","5123"
"Polysmita Ojah","Anti candidal efficacy of commercially available triphala, neem, denture cleanser and natural aloevera leaf on heat polymerized acrylic resin","Department of Dental Science","NA","5819"
"Megha Chopra","Anti candidal efficacy of commercially available triphala, neem, denture cleanser and natural aloevera leaf on heat polymerized acrylic resin","Department of Dental Science","NA","5600"
"Ankur Sharma","Current Understanding of Novel Coronavirus: Molecular Pathogenesis, Diagnosis, and Treatment Approaches","Department of Medical Sciences","Life Sciences","5123"
"Sunil Kumar","Comparative analysis for edge detection techniques","Department of Civil Engineering","Computer Science & Engineering","4741"
"Sakshi Tiwari","Considerations for orthodontic treatment during pregnancy: An update","Department of Dental Science","NA","5573"
"Madhurima Nanda","Considerations for orthodontic treatment during pregnancy: An update","Department of Dental Science","NA","5825"
"Ankur Sharma","Fostering mesenchymal stem cell therapy to halt cytokine storm in COVID-19","Department of Medical Sciences","Life Sciences","5123"
"Ankur Khandelwal","Perioperative Management of Children with Traumatic Brain Injury","Department of Medical Sciences","NA","6787"
"Swati Rai","The effect of COVID-19 on maternal and neonatal outcome-A retrospective study","Department of Medical Sciences","NA","7053"
"Vikas Kumar","Cloud Computing as a Catalyst in STEM Education","Department of Computer Science & Engineering","Management","2661"
"Bhavna Sharma","Evolution of New Emerging Multimedia Tools for Crime Scene Sketching: A Review Literature","Department of Allied Health Science","Law","7528"
"Bhavna Sharma","Impact of Physical Activity on Forensic Psychiatric patients: A Rehabilitative Approach","Department of Allied Health Science","Law","7528"
"Anshu Nanda","Forensic Database Management of Diatoms: A Tool for Comparison","Department of Allied Health Science","NA","401"
"Jaskaran Singh","Forensic Database Management of Diatoms: A Tool for Comparison","Department of Allied Health Science","NA","7010"
"Anshu Nanda","Comparative Studies on Degradation of Forensic Biological Fluids Recovered from Crime Scene","Department of Allied Health Science","NA","401"
"Jaskaran Singh","Comparative Studies on Degradation of Forensic Biological Fluids Recovered from Crime Scene","Department of Allied Health Science","NA","7010"
"Amarjyoti Nayak","Occupational Stress: A Descriptive Study among Forensic Professionals","Department of Allied Health Science","NA","6359"
"Avinash Kumar","Protocols, Solutions, and Testbeds for Cyber-Attack Prevention in Industrial SCADA Systems","Department of Computer Science & Engineering","Physics","7468"
"Sunil Kumar","Exploratory Analysis Of Air Quality In India","Department of Civil Engineering","Computer Science & Engineering","4741"
"Jaskaran Singh","Crocus Sativus: Comprehensive Pharmalogical Significance and Forensic Identification of Saffron in Illegal Trade","Department of Medical Sciences","NA","7010"
"Satinder Aneja","External validation of the RISC, RISC-Malawi, and PERCH clinical prediction rules to identify risk of death in children hospitalized with pneumonia","Department of Medical Sciences","NA","4002"
"Shalvi Upadhyay","Comparative study of forged urdu signatures done by persons not familiar to language belongs to region of Sikkim and Kashmir","Department of Medical Sciences","NA","4883"
"Shalvi Upadhyay","Forensic characteristic identification of forged urdu signature written by population of delhi who are stranger to the language","Department of Medical Sciences","NA","4883"
"Megha Chopra","Cast-based guided implant placement and prosthetic rehabilitation of a single edentulous space: case report and systematic analysis of surgical guides used in implant dentistry","Department of Dental Science","NA","5600"
"Vikas Kumar","A Framework for Collaborative and Convenient Learning on Cloud Computing Platforms","Department of Computer Science & Engineering","Management","2661"
"Suparna Dubey","Haematological parameters in COVID-19 and their association with severity and mortality","Department of Medical Sciences","NA","218"
"Richa Sharma","Meat tenderization using bromelain enzyme extracted from pineapple waste","Department of Mathematics","Biotechnology","4763"
"Bhavna Sharma","Impact of COVID-19 pandemic on quality of life and medication adherence among pulmonary Tb patients","Department of Allied Health Science","Law","7528"
"Sahil Thakar","Estimation and correlation of serum and salivary C-reactive protein in oral potentially malignant disorders","Department of Dental Science","NA","4980"
"Ashok Kumar Dubey","Effects of COVID-19 pandemic lockdown on medical advice seeking and medication practices of home-bound non-COVID patients","Department of Medical Sciences","NA","228"
"Suparna Dubey","Effects of COVID-19 pandemic lockdown on medical advice seeking and medication practices of home-bound non-COVID patients","Department of Medical Sciences","NA","218"
"Ajay Kumar","Perceived outcomes of e-learning: identifying key attributes affecting user satisfaction in higher education institutes","Department of Management","Chemistry and Biochemistry","6354"
"Sahil Thakar","ABO blood group detection in extracted teeth: A forensic study","Department of Dental Science","NA","4980"
"Deepak Khandelwal","Knowledge, Attitude, and Practices of Parents on the Importance of Their Children's Oral Health in Greater Noida, India","Department of Dental Science","NA","5526"
"Ankur Sharma","Alzheimer's disease-like perturbations in HIV-mediated neuronal dysfunctions: Understanding mechanisms and developing therapeutic strategies: HIV and AD relationship","Department of Medical Sciences","Life Sciences","5123"
"Richa Sharma","Metal Ion–Enhanced Quantification of Chloramphenicol in Milk Using Imipramine Hydrochloride as Diazo-Coupling Agent","Department of Mathematics","Biotechnology","4763"
"Richa Sharma","Membrane processing for purification of R-Phycoerythrin from marine macro-alga, Gelidium pusillum and process integration","Department of Mathematics","Biotechnology","4763"
"Ankur Sharma","Deciphering the SSR incidences across viral members of Coronaviridae family","Department of Medical Sciences","Life Sciences","5123"
"Khushboo Juneja","Assessment of psychosocial health during covid-19 pandemic among indian adults","Department of Medical Sciences","NA","3141"
"Kuldeep Dhanker","Incomplete kawasaki disease: A case report","Department of Dental Science","NA","1692"
"Swati Sharma","Incomplete kawasaki disease: A case report","Department of Medical Sciences","Dental Science","297"
"Sahil Thakar","Incomplete kawasaki disease: A case report","Department of Dental Science","NA","4980"
"Ankur Sharma","Nanoparticulate RNA delivery systems in cancer","Department of Medical Sciences","Life Sciences","5123"
"Satinder Aneja","Growth faltering in early infancy: Highlights from a two-day scientific consultation","Department of Medical Sciences","NA","4002"
"Satinder Aneja","Duchenne Muscular Dystrophy: Journey from Histochemistry to Molecular Diagnosis","Department of Medical Sciences","NA","4002"
"Veereshwar Bhatnagar","Esophageal Button Batteries","Department of Art and Science","NA","5497"
"Arun Kumar","Invitro antioxidant activity of hydroalcoholic extract of crataegus oxycantha leaves","Department of Management","Pharmacy","3944"
"Satinder Aneja","Presumptive Treatment of Acute Febrile Illness for Preventing Acute Encephalitis Syndrome: Does It Work?","Department of Medical Sciences","NA","4002"
"Satinder Aneja","Sensorineural hearing loss (SNHL) as an adverse event following immunization (AEFI): Case definition & guidelines for data collection, analysis, and presentation of immunization safety data","Department of Medical Sciences","NA","4002"
"Gladys Rai","Culprit effect of oxidative stress in the development of Parkinson's disease: A conundrum of senescence","Department of Chemistry and Biochemistry","NA","3139"
"Pooja Singh","Economic growth and environmental degradation in developing world: Evidence from Nigeria (1981–2019)","Department of Management","Humanities & Social Sciences","12783"
"Jaskaran Singh","Drugs and their effects on development rate of decomposers: An entomotoxicological approach","Department of Medical Sciences","NA","7010"
"Naima Afreen","COVID 19 in pregnancy; obstetrical and neonatal outcomes: A retrospective comparative study","Department of Medical Sciences","NA","3332"
"Nimmi Chutani","COVID 19 in pregnancy; obstetrical and neonatal outcomes: A retrospective comparative study","Department of Medical Sciences","NA","11"
"Richa Sharma","Analysis of creep stresses in thin rotating disc composed of piezoelectric material; Analiza napona puzanja u tankom rotirajuĆem disku od pijezoelektriČnog materijala","Department of Mathematics","Biotechnology","4763"
"Megha Chopra","Surface treatment and implant bone interface: a systematic literature review","Department of Dental Science","NA","5600"
"G. Ratna Velugu","Comparative evaluation of the effect of 10%, 20%, and 30% guava seed extract on reversing compromised resin bond strength after enamel bleaching in 120 min, 10 min, and 5 min: An in vitro study","Department of Dental Science","NA","1694"
"Richa Sharma","Analytical solution of elastic-plastic stresses in thin rotating disc made up of piezoelectric material; Analitičko rešenje elastoplastičnih napona u tankom rotirajućem disku od pijezoelektričnog materijala","Department of Mathematics","Biotechnology","4763"
"Komal Sharma","Comparative Evaluation of Subgingivally Delivered 2% Curcumin and 0.2% Chlorhexidine Gel Adjunctive to Scaling and Root Planing in Chronic Periodontitis","Department of Nursing Sciences","Allied Health Science","7706"
"Swati Sharma","Assessing knowledge, attitudes and practices of dental practitioners regarding the covid-19 pandemic: A multinational study; Ocena wiedzy, zachowań i działań praktycznych u lekarzy dentystów w związku z pandemią covid-19 – wielonarodowe badanie ankietowe","Department of Medical Sciences","Dental Science","297"
"Sahil Thakar","Assessing knowledge, attitudes and practices of dental practitioners regarding the covid-19 pandemic: A multinational study; Ocena wiedzy, zachowań i działań praktycznych u lekarzy dentystów w związku z pandemią covid-19 – wielonarodowe badanie ankietowe","Department of Dental Science","NA","4980"
"Kuldeep Dhanker","Assessing knowledge, attitudes and practices of dental practitioners regarding the covid-19 pandemic: A multinational study; Ocena wiedzy, zachowań i działań praktycznych u lekarzy dentystów w związku z pandemią covid-19 – wielonarodowe badanie ankietowe","Department of Dental Science","NA","1692"
"Vikas Kumar","Mobile marketing campaigns: Practices, challenges and opportunities","Department of Computer Science & Engineering","Management","2661"
"Satinder Aneja","Neonatal seizures: Case definition & guidelines for data collection, analysis, and presentation of immunization safety data","Department of Medical Sciences","NA","4002"
"Ankur Sharma","A “NOTCH” deeper into the epithelial-to-mesenchymal transition (EMT) program in breast cancer","Department of Medical Sciences","Life Sciences","5123"
"Ashok Kumar Dubey","Anti-depressant and anti-anxiety like effects of cydonia oblonga in mice exposed to mild stress","Department of Medical Sciences","NA","228"
"Prashant Sharma","Anti-depressant and anti-anxiety like effects of cydonia oblonga in mice exposed to mild stress","Department of Humanities & Social Sciences","Medical Sciences","230"
"Richa Sharma","Fluorescent aptaswitch for chloramphenicol detection – Quantification enabled by immobilization of aptamer","Department of Mathematics","Biotechnology","4763"
"Satinder Aneja","Integrated Management of Newborn and Childhood Illness (IMNCI) Strategy and its Implementation in Real Life Situation","Department of Medical Sciences","NA","4002"
"Satinder Aneja","Unusual Presentation of PMM2-Congenital Disorder of Glycosylation With Isolated Strokelike Episodes in a Young Girl","Department of Art and Science","NA","4002"
"Satinder Aneja","Diagnosis and Management of Acute Encephalitis in Children","Department of Medical Sciences","NA","4002"
"Amit Kumar","Cu (II) ions removal from water by charcoal obtained from marigold flower waste","Department of Computer Science & Engineering","Humanities & Social Sciences","8524"
"Richa Sharma","Elastic-plastic stresses in a thin rotating disk of functionally graded material with exponentially varying thickness under internal pressure","Department of Mathematics","Biotechnology","4763"
"Mahak Lamba","Coeliac artery thrombosis: An unusual cause of acute abdomen","Department of Medical Sciences","NA","5003"
"Pooja Singh","Synthesis, characterization and antimicrobial investigation of mixed ligand complexes of Cobalt(II) and Nickel(II) with p-dimethylaminobenzaldehyde thiosemicarbazone","Department of Management","Humanities & Social Sciences","12783"
"Satinder Aneja","Adverse drug reactions of anti-epileptic drugs in children with epilepsy: A cross-sectional study","Department of Medical Sciences","NA","4002"
"Vikas Kumar","Social media analytics: A tool for the success of online retail industry","Department of Computer Science & Engineering","Management","2661"
"Vikas Kumar","Social media to social media analytics: Ethical challenges","Department of Computer Science & Engineering","Management","2661"
"Vikas Kumar","Social media in higher education: A framework for continuous engagement","Department of Computer Science & Engineering","Management","2661"
"Mohit Kumar","Electrical conductivity sensing for precision agriculture: A review","Department of Life Sciences","Computer Science & Engineering","10953"
"Richa Sharma","Nanoparticle-Based Aptasensors for Food Contaminant Detection","Department of Mathematics","Biotechnology","4763"
"Vikas Kumar","Reliability aspect of cloud computing environment","Department of Computer Science & Engineering","Management","2661"
"Piaray Lal Kariholu","Can post-operative antibiotic prophylaxis following elective laparoscopic cholecystectomy be completely done away with in the Indian setting? A prospective randomised study","Department of Medical Sciences","NA","21"
"Vikas Kumar","Trust management issues in social-media marketing","Department of Computer Science & Engineering","Management","2661"
"Satinder Aneja","Zika Virus Infection and Microcephaly in Infants: Is the Association Casual or Causal?: Public Health Viewpoint","Department of Medical Sciences","NA","4002"
"Satinder Aneja","Zika Virus Infection and Microcephaly in Infants: Is the Association Casual or Causal?","Department of Medical Sciences","NA","4002"
"Vikas Kumar","Cost benefit analysis of cloud computing in education","Department of Computer Science & Engineering","Management","2661"
"Richa Sharma","Creep torsion in thick-walled circular cylinder under internal and external pressure","Department of Mathematics","Biotechnology","4763"
"Richa Sharma","Thermal creep analysis of pressurized thick-walled cylindrical vessels","Department of Mathematics","Biotechnology","4763"
"Vikas Kumar","Comprehensive three-layer trust management model for public cloud environment","Department of Computer Science & Engineering","Management","2661"
"Swati Sharma","Oral cancer statistics in India on the basis of first report of 29 population-based cancer registries","Department of Medical Sciences","Dental Science","297"
"Vikas Kumar","Cost benefit analysis of cloud computing in education","Department of Computer Science & Engineering","Management","2661"
"Swati Sharma","Knowledge, attitudes, and practices among health-care providers regarding Zika virus infection","Department of Medical Sciences","Dental Science","297"
"Ashok Kumar Dubey","Anticonvulsant and Antioxidant Effects of Musa sapientum Stem Extract on Acute and Chronic Experimental Models of Epilepsy","Department of Medical Sciences","NA","228"
"Prashant Sharma","Anticonvulsant and Antioxidant Effects of Musa sapientum Stem Extract on Acute and Chronic Experimental Models of Epilepsy","Department of Humanities & Social Sciences","Medical Sciences","230"
"Vikas Kumar","Reputation management through online feedbacks in e-business environment","Department of Computer Science & Engineering","Management","2661"
"Richa Sharma","Creep deformation of a non-homogeneous thin rotating disk of exponentially varying thickness with internal pressure","Department of Mathematics","Biotechnology","4763"
"Richa Sharma","Finite deformations in pressurized thick-walled circular cylinder with steady state temperature","Department of Mathematics","Biotechnology","4763"
"Richa Sharma","Finite deformations of functionally graded shell under outer pressure with steady state temperature","Department of Mathematics","Biotechnology","4763"
"Vikas Kumar","CORE framework for evaluating the reliability of SaaS products","Department of Computer Science & Engineering","Management","2661"
"Vikas Kumar","A framework for collaborative and convenient learning on cloud computing platforms","Department of Computer Science & Engineering","Management","2661"
"Vikas Kumar","Cloud computing as a catalyst in STEM education","Department of Computer Science & Engineering","Management","2661"
"Swati Sharma","Effects of green tea on periodontal health: A prospective clinical study","Department of Medical Sciences","Dental Science","297"
"Vikas Kumar","Trust management models for digital identities","Department of Computer Science & Engineering","Management","2661"
"Richa Sharma","Thermo-elastic-plastic transition in torsion of composite thick-walled circular cylinder subjected to pressure","Department of Mathematics","Biotechnology","4763"
"Ajay Kumar","Factors affecting malware attacks: An empirical analysis","Department of Management","Chemistry and Biochemistry","6354"
"Ashok Kumar Dubey","Use of complementary and alternative medicines in indian elderly patients","Department of Medical Sciences","NA","228"
"Kuldeep Dhanker","Assessment of coronal leakage of temporary restorations in root canal-treated teeth: An in vitro study","Department of Dental Science","NA","1692"
"Manish Kumar","An intelligent system to diagnosis the skin disease","Department of Humanities & Social Sciences","Medical Sciences","131"
"Ajoy Deshmukh","Transaminitis in dengue fever: An observational study","Department of Medical Sciences","NA","100"
"Ashok Kumar Dubey","Effect of Musa sapientum stem extract on animal models of depression","Department of Medical Sciences","NA","228"
"Vikas Kumar","Determinants of cloud computing adoption by SMEs","Department of Computer Science & Engineering","Management","2661"
"Khushboo Juneja","Effect of utilization of antenatal services on pregnancy outcome in Aligarh - A community based study","Department of Medical Sciences","NA","3141"
"Vikas Kumar","Reputation management through online feedbacks in e-business environment","Department of Computer Science & Engineering","Management","2661"
"Suparna Dubey","Primary endobronchial myxoid leiomyoma in a child: An unusual case report and review of literature","Department of Medical Sciences","NA","218"
"Vikas Kumar","Creating Collaborative and Convenient Learning Environment Using Cloud-Based Moodle LMS: An Instructor and Administrator Perspective","Department of Computer Science & Engineering","Management","2661"
"Ashok Kumar Dubey","Suvorexant: The first orexin receptor antagonist to treat insomnia","Department of Medical Sciences","NA","228"
"Arun Kumar","Smart building automation using device free localization technology","Department of Management","Pharmacy","3944"
"Shalini Srivastava","Satisfaction levels among patients availing DOTS services in Bundelkhand Region (UP), India: Evidence from patient exit-interviews","Department of Environmental Science","Medical Sciences","250"
"Ashok Kumar Dubey","Are we pharmacovigilant enough in ophthalmic practice?","Department of Medical Sciences","NA","228"
"Ajoy Deshmukh","Study of staging and prognostic significance of bone marrow involvement in malignant lymphomas in Northern India: Clinicopathological study","Department of Medical Sciences","NA","100"
"Piaray Lal Kariholu","Malignant urothelial carcinoma of urinary bladder in a young child: A rare case report","Department of Medical Sciences","NA","21"
"Ajoy Deshmukh","Aortic dissection -a case report","Department of Medical Sciences","NA","100"
"Piaray Lal Kariholu","Re: Malignant urothelial carcinoma of urinary bladder in a young child: A rare case report","Department of Medical Sciences","NA","21"
"Ashok Kumar Dubey","Vismodegib: The first drug approved for advanced and metastatic basal cell carcinoma","Department of Medical Sciences","NA","228"
"Suparna Dubey","Vismodegib: The first drug approved for advanced and metastatic basal cell carcinoma","Department of Medical Sciences","NA","218"
"Ashok Kumar Dubey","Efficacy of duloxetine compared with imipramine in the treatment of major depressive disorder in Indian patients","Department of Medical Sciences","NA","228"
"Sandeep Kumar","The problem of child sexual abuse in India laws, legal lacuna and the bill - PCSOB-2011","Department of Management","Computer Science & Engineering","8567"
"Ashok Kumar Dubey","Prophylactic ocular hypotensives before Nd:YAG laser posterior capsulotomy","Department of Medical Sciences","NA","228"
"Ashok Kumar Dubey","Belimumab: First targeted biological treatment for systemic lupus erythematosus","Department of Medical Sciences","NA","228"
"Prashant Sharma","Belimumab: First targeted biological treatment for systemic lupus erythematosus","Department of Humanities & Social Sciences","Medical Sciences","230"
"Arun Kumar","Serum caeruloplasmin as a coronary risk factor in patients with acute myocardial infarction with normal lipid profile","Department of Management","Pharmacy","3944"